title,company,link
IT Manager,LP VILAS,https://indeed.com/rc/clk?jk=992b14402bb862cd&bb=gAVfR5TYxe6i3WfsFYigZdcpiRtcVK2zuCHvUFDkuR7Yrb3V7cK1hvOEI2FJIGqb35wG0thcw1SqLtkX2D8ocSacjx1ECMAvE7obH8cINGx28XDng6tTz9eLcFBJMloR&xkcb=SoBQ67M3BLbGqLRZQx0LbzkdCdPP&fccid=ba8fbbe82a3d86bf&cmp=LP-VILAS&ti=IT+Manager&vjs=3
Project Manager - IT,shreedham infomedia solutions,https://indeed.com/rc/clk?jk=9653d37241e95be9&bb=gAVfR5TYxe6i3WfsFYigZXJSoSPbz0p0A4dAYjG3lTpj2Y40Z1_F85tkW7_Y6oHqItUSC9pDWqvB4fl1M_up4BJXziuImKKwFjgLTy49w6RbZws2Trv5Ee2Fy-70CtJW&xkcb=SoDk67M3BLbGqLRZQx0KbzkdCdPP&fccid=cbf52f13143e42cb&cmp=shreedham-infomedia-solutions&ti=Project+Manager&vjs=3
Desktop Support (ON CALL),EIL Global,https://indeed.com/rc/clk?jk=ca62c24c61f939b8&bb=gAVfR5TYxe6i3WfsFYigZaqLvVLaiA-uKrWwgzxZ1iN7Mr5sOojMftqf18qhC3SYRqqlX_r7jwWip29uk6c3SlyRV1N8DA5js2FXdo7g_AuwkI3K1XwKYftaaINOm7kY&xkcb=SoB567M3BLbGqLRZQx0JbzkdCdPP&fccid=3bfbffc787546ddb&cmp=EIL-Global&ti=Desktop+Support+Technician&vjs=3
Business Development Manager -IT,Virtual Oplossing Pvt. Ltd.,https://indeed.com/rc/clk?jk=9c63ae2f23791dec&bb=gAVfR5TYxe6i3WfsFYigZW3jE3nGymQilsatx1svdeD-BG1pz7ssxQkVAcrdMLAUb7M4G906t0_UWFNxnhd7vfQKZu4UueQg3OJcUTI0d5k_GM2wTCJCspSxSqEs4qoZ&xkcb=SoDN67M3BLbGqLRZQx0IbzkdCdPP&fccid=ec2210c4365a0f72&cmp=Virtual-Oplossing-Pvt.-Ltd.&ti=Business+Development+Manager&vjs=3
IT Project Coordinator Intern,Digital Folks,https://indeed.com/rc/clk?jk=b592258451156d46&bb=gAVfR5TYxe6i3WfsFYigZdcpiRtcVK2zX3KXo7dTL-AlVFYj3AGnNRrgUSW2QmWofEm2Z2sKtf4Uxexwwc9CgqQ4jNLBxDl_II4_LbX95xGqZaY4syX-_5HOqCPvyspf&xkcb=SoBD67M3BLbGqLRZQx0PbzkdCdPP&fccid=1a735b7befff382b&vjs=3
IT Project Coordinator,Digital Folks,https://indeed.com/rc/clk?jk=43e26f7bc0889f7a&bb=gAVfR5TYxe6i3WfsFYigZSTJP-FMd2gjkmlLSNvbYlbk9_UUKicDqgcbjDY8VC30zIAInbgPs3sMz39eht07tf8JJ_8OwupVyZZWMUrN7Hz_5kl1NESjLvMD-Ut1DLYK&xkcb=SoD367M3BLbGqLRZQx0ObzkdCdPP&fccid=1a735b7befff382b&vjs=3
IT Executive cum Admin,Luthra Maternity And Infertility Centre,https://indeed.com/rc/clk?jk=530ed06831e4666c&bb=gAVfR5TYxe6i3WfsFYigZU450A3ZY16NStxsWs4nWAemPz-3fijKuATs1yKhEsgK_HbAhyjFvROGxMODczwmbXAua7JljBxutIySorYAC9GNwVDyGkBAhhGWt6UIvSGN&xkcb=SoBq67M3BLbGqLRZQx0NbzkdCdPP&fccid=b8162d925e3685e3&cmp=Luthra-Maternity-And-Infertility-Centre&ti=IT+Executive&vjs=3
IT Security,torcai digital media,https://indeed.com/rc/clk?jk=ef8e8e396b44a877&bb=gAVfR5TYxe6i3WfsFYigZQCp1YjjTQomSHVFmBFn8eiG2b5dy2Z_t1tY-Yd6YmQD_p8psW4gigyg5ky1BRnupWrBJnS9Aa7ZV_HlD6yMk3-f-SFbJ4NorBqMjFpIop-K&xkcb=SoDe67M3BLbGqLRZQx0MbzkdCdPP&fccid=129e80dfe0d6cbb4&vjs=3
MBA Fresher (IT/Marketing),Rareprob Solutions Private Limited,https://indeed.com/rc/clk?jk=ae622d1005fc0830&bb=gAVfR5TYxe6i3WfsFYigZU2PcbiTmyu0L0oZMcB3Gx6yPu62TgM-_XCkjr-drUg-GBaKi0z6eIZtbPtObyI5qD4Wcq9pg56UDMlQJLZw0b0qrqyZ2d6s8kx9uRN2eExr&xkcb=SoA367M3BLbGqLRZQx0DbzkdCdPP&fccid=20c50890889c4091&cmp=ILeads-Auxiliary-Services-Private-Limited&ti=Marketer&vjs=3
